##CADD GRCh38-v1.7 (c) University of Washington, Hudson-Alpha Institute for Biotechnology and Berlin Institute of Health at Charite - Universitaetsmedizin Berlin 2013-2023. All rights reserved.
#Chrom	Pos	Ref	Alt	Type	Length	AnnoType	Consequence	ConsScore	ConsDetail	GC	CpG	motifECount	motifEName	motifEHIPos	motifEScoreChng	oAA	nAA	GeneID	FeatureID	GeneName	CCDS	Intron	Exon	cDNApos	relcDNApos	CDSpos	relCDSpos	protPos	relProtPos	Domain	Dst2Splice	Dst2SplType	minDistTSS	minDistTSE	SIFTcat	SIFTval	PolyPhenCat	PolyPhenVal	priPhCons	mamPhCons	verPhCons	priPhyloP	mamPhyloP	verPhyloP	bStatistic	targetScan	mirSVR-Score	mirSVR-E	mirSVR-Aln	cHmm_E1	cHmm_E2	cHmm_E3	cHmm_E4	cHmm_E5	cHmm_E6	cHmm_E7	cHmm_E8	cHmm_E9	cHmm_E10	cHmm_E11	cHmm_E12	cHmm_E13	cHmm_E14	cHmm_E15	cHmm_E16	cHmm_E17	cHmm_E18	cHmm_E19	cHmm_E20	cHmm_E21	cHmm_E22	cHmm_E23	cHmm_E24	cHmm_E25	GerpRS	GerpRSpval	GerpN	GerpS	tOverlapMotifs	motifDist	EncodeH3K4me1-sum	EncodeH3K4me1-max	EncodeH3K4me2-sum	EncodeH3K4me2-max	EncodeH3K4me3-sum	EncodeH3K4me3-max	EncodeH3K9ac-sum	EncodeH3K9ac-max	EncodeH3K9me3-sum	EncodeH3K9me3-max	EncodeH3K27ac-sum	EncodeH3K27ac-max	EncodeH3K27me3-sum	EncodeH3K27me3-max	EncodeH3K36me3-sum	EncodeH3K36me3-max	EncodeH3K79me2-sum	EncodeH3K79me2-max	EncodeH4K20me1-sum	EncodeH4K20me1-max	EncodeH2AFZ-sum	EncodeH2AFZ-max	EncodeDNase-sum	EncodeDNase-max	EncodetotalRNA-sum	EncodetotalRNA-max	Grantham	SpliceAI-acc-gain	SpliceAI-acc-loss	SpliceAI-don-gain	SpliceAI-don-loss	MMSp_acceptorIntron	MMSp_acceptor	MMSp_exon	MMSp_donor	MMSp_donorIntron	Dist2Mutation	Freq100bp	Rare100bp	Sngl100bp	Freq1000bp	Rare1000bp	Sngl1000bp	Freq10000bp	Rare10000bp	Sngl10000bp	EnsembleRegulatoryFeature	dbscSNV-ada_score	dbscSNV-rf_score	RemapOverlapTF	RemapOverlapCL	EsmScoreMissense	EsmScoreInFrame	EsmScoreFrameshift	RegSeq0	RegSeq1	RegSeq2	RegSeq3	RegSeq4	RegSeq5	RegSeq6	RegSeq7	Aparent2	ZooPriPhyloP	ZooVerPhyloP	ZooRoCC	ZooUCE	Roulette-FILTER	Roulette-MR	Roulette-AR	RawScore	PHRED
1	8362462	T	A	SNV	0	RegulatoryFeature	REGULATORY	4	regulatory	0.616	0.04	NA	NA	NA	NA	NA	NA	NA	ENSR00000346404	NA	NA	NA	NA	NA	NA	NA	NA	NA	NA	NA	NA	NA	383	1304	NA	NA	NA	NA	0.001	0.001	0.002	0.469	1.074	1.372	851	NA	NA	NA	NA	0	1	0	1	0	6	6	25	4	3	0	0	0	2	0	0	0	0	0	0	0	0	0	0	0	NA	NA	4.35	3.2	NA	NA	6.11	0.94	2.38	0.70	3.59	0.94	4.64	1.04	5.08	0.87	10.79	2.85	6.38	1.52	45.36	7.95	17.53	3.89	24.44	5.53	1.94	0.58	0.45	0.22	0.57	0.13	NA	NA	NA	NA	NA	NA	NA	NA	NA	NA	24	0	0	18	1	2	166	15	63	1755	Enhancer	NA	NA	1	1	NA	NA	NA	0.001473	0.001428	-0.000221	0.001981	0.001304	0.000147	-0.006168	0.003951	NA	0	1.035	NA	NA	TFBS	0.02	NA	0.586950	6.330
1	8362462	T	A	SNV	0	Transcript	INTRONIC	2	intron	0.616	0.04	NA	NA	NA	NA	NA	NA	ENSG00000142599	ENST00000400908	RERE	CCDS95.1	16/22	NA	NA	NA	NA	NA	NA	NA	NA	NA	NA	383	1304	NA	NA	NA	NA	0.001	0.001	0.002	0.469	1.074	1.372	851	NA	NA	NA	NA	0	1	0	1	0	6	6	25	4	3	0	0	0	2	0	0	0	0	0	0	0	0	0	0	0	NA	NA	4.35	3.2	NA	NA	6.11	0.94	2.38	0.70	3.59	0.94	4.64	1.04	5.08	0.87	10.79	2.85	6.38	1.52	45.36	7.95	17.53	3.89	24.44	5.53	1.94	0.58	0.45	0.22	0.57	0.13	NA	0	0	0	0	NA	NA	NA	NA	NA	24	0	0	18	1	2	166	15	63	1755	Enhancer	NA	NA	1	1	NA	NA	NA	0.001473	0.001428	-0.000221	0.001981	0.001304	0.000147	-0.006168	0.003951	NA	0	1.035	NA	NA	TFBS	0.02	NA	0.586950	6.330
1	16995304	C	G	SNV	0	Transcript	INTRONIC	2	intron	0.543	0	NA	NA	NA	NA	NA	NA	ENSG00000159363	ENST00000326735	ATP13A2	CCDS175.1	15/28	NA	NA	NA	NA	NA	NA	NA	NA	NA	NA	980	184	NA	NA	NA	NA	0.001	0.001	0.001	0.289	1.244	1.261	846	NA	NA	NA	NA	0	0	0	1	0	2	24	10	1	0	0	0	0	0	7	0	0	0	0	0	0	0	3	0	0	NA	NA	2.27	2.27	1	-0.52	5.28	1.36	5.76	1.84	6.47	1.40	9.55	2.31	7.91	1.93	8.54	1.81	2.71	1.14	30.12	5.68	5.75	1.84	11.32	2.98	5.42	1.34	0.70	0.38	0.40	0.17	NA	0	0	0	0	NA	NA	NA	NA	NA	20	0	1	7	1	9	157	12	62	1476	NA	NA	NA	3	3	NA	NA	NA	0.032014	0.024795	-0.005586	0.004909	0.00002	0.002916	0.001722	-0.062252	NA	0	-0.238	NA	NA	high	0.02	NA	0.152616	1.916
1	16995304	C	G	SNV	0	Transcript	INTRONIC	2	intron,non_coding	0.543	0	NA	NA	NA	NA	NA	NA	ENSG00000226526	ENST00000446261	NA	NA	1/1	NA	NA	NA	NA	NA	NA	NA	NA	NA	NA	980	184	NA	NA	NA	NA	0.001	0.001	0.001	0.289	1.244	1.261	846	NA	NA	NA	NA	0	0	0	1	0	2	24	10	1	0	0	0	0	0	7	0	0	0	0	0	0	0	3	0	0	NA	NA	2.27	2.27	1	-0.52	5.28	1.36	5.76	1.84	6.47	1.40	9.55	2.31	7.91	1.93	8.54	1.81	2.71	1.14	30.12	5.68	5.75	1.84	11.32	2.98	5.42	1.34	0.70	0.38	0.40	0.17	NA	NA	NA	NA	NA	NA	NA	NA	NA	NA	20	0	1	7	1	9	157	12	62	1476	NA	NA	NA	3	3	NA	NA	NA	0.032014	0.024795	-0.005586	0.004909	0.00002	0.002916	0.001722	-0.062252	NA	0	-0.238	NA	NA	high	0.02	NA	0.152616	1.916
10	116731015	G	A	SNV	0	Transcript	INTRONIC	2	intron	0.616	0.053	NA	NA	NA	NA	NA	NA	ENSG00000165868	ENST00000369209	HSPA12A	CCDS41569.1	1/11	NA	NA	NA	NA	NA	NA	NA	NA	NA	NA	11064	33160	NA	NA	NA	NA	0.001	0.001	0.001	-0.199	0.144	0.138	670	NA	NA	NA	NA	0	0	0	9	0	1	1	2	0	1	0	0	0	0	24	0	0	0	0	0	6	3	0	1	0	NA	NA	2.67	0.354	1	0.45	5.14	1.02	3.64	1.13	6.12	1.03	3.77	1.57	11.81	2.69	6.95	1.32	8.37	2.30	9.72	2.17	18.54	3.48	10.11	2.98	11.40	2.18	0.50	0.13	0.11	0.04	NA	0	0	0	0	NA	NA	NA	NA	NA	7	2	0	24	3	8	170	31	69	1342	NA	NA	NA	9	9	NA	NA	NA	-0.000489	-0.001994	-0.002139	0.000822	0.002676	0.001135	-0.005593	0.006876	NA	0.002	-0.886	NA	NA	high	2.1199999	NA	0.126913	1.738
11	79471543	C	CA	INS	1	Intergenic	INTERGENIC	0	intergenic	0.467	0.013	NA	NA	NA	NA	NA	NA	NA	NA	NA	NA	NA	NA	NA	NA	NA	NA	NA	NA	NA	NA	NA	30514	49375	NA	NA	NA	NA	0.578	0.001	0	0.469	-0.718	-0.718	960	NA	NA	NA	NA	0	0	0	18	0	0	0	0	0	0	0	4	3	0	3	0	0	0	0	0	12	7	0	1	0	NA	NA	4.86	-3.32	1	-1.94	7.23	1.55	6.52	1.97	4.23	1.36	3.04	1.20	13.86	2.28	7.62	1.81	39.17	6.4	3.97	1.19	3.40	1.11	11.72	1.8	14.65	3.94	0.37	0.09	NA	NA	NA	NA	NA	NA	NA	NA	NA	NA	NA	NA	6	0	2	19	4	4	164	37	50	1538	Enhancer	NA	NA	5	6	NA	NA	NA	0.035042	0.07088	0.094853	0.34704	0.275859	0.091007	0.028418	-0.154894	NA	0.039	-1.742	NA	NA	NA	NA	NA	-0.136756	0.627
11	79471543	C	CA	INS	1	RegulatoryFeature	REGULATORY	4	regulatory	0.467	0.013	NA	NA	NA	NA	NA	NA	NA	ENSR00000959286	NA	NA	NA	NA	NA	NA	NA	NA	NA	NA	NA	NA	NA	30514	49375	NA	NA	NA	NA	0.578	0.001	0	0.469	-0.718	-0.718	960	NA	NA	NA	NA	0	0	0	18	0	0	0	0	0	0	0	4	3	0	3	0	0	0	0	0	12	7	0	1	0	NA	NA	4.86	-3.32	1	-1.94	7.23	1.55	6.52	1.97	4.23	1.36	3.04	1.20	13.86	2.28	7.62	1.81	39.17	6.4	3.97	1.19	3.40	1.11	11.72	1.8	14.65	3.94	0.37	0.09	NA	NA	NA	NA	NA	NA	NA	NA	NA	NA	NA	NA	6	0	2	19	4	4	164	37	50	1538	Enhancer	NA	NA	5	6	NA	NA	NA	0.035042	0.07088	0.094853	0.34704	0.275859	0.091007	0.028418	-0.154894	NA	0.039	-1.742	NA	NA	NA	NA	NA	-0.136756	0.627
12	118157365	G	T	SNV	0	Transcript	INTRONIC	2	intron	0.43	0.027	NA	NA	NA	NA	NA	NA	ENSG00000135090	ENST00000392533	TAOK3	CCDS9188.1	19/20	NA	NA	NA	NA	NA	NA	NA	NA	NA	NA	2994	6408	NA	NA	NA	NA	0.13	0.087	0.069	0.447	2.271	2.12	969	NA	NA	NA	NA	0	0	0	0	0	0	22	17	0	0	0	0	0	0	9	0	0	0	0	0	0	0	0	0	0	NA	NA	5.19	4.31	NA	NA	2.80	0.62	2.70	0.59	3.73	0.63	9.79	3.33	3.86	0.78	5.33	1.09	5.18	1.91	38.98	9.42	4.98	0.89	10.51	2.91	5.02	0.86	0.42	0.10	0.10	0.05	NA	0	0	0	0	NA	NA	NA	NA	NA	35	0	3	9	0	8	115	12	43	1091	NA	NA	NA	1	1	NA	NA	NA	0.001144	0.014314	-0.004616	-0.003542	0.00535	-0.170281	-0.179974	0.200559	0.19539	0.024	1.841	NA	NA	TFBS	0.03	NA	0.796037	8.249
13	19697757	T	C	SNV	0	Intergenic	DOWNSTREAM	1	downstream	0.278	0	NA	NA	NA	NA	NA	NA	ENSG00000121390	ENST00000338910	PSPC1	CCDS41870.1	NA	NA	NA	NA	NA	NA	NA	NA	NA	NA	NA	32560	22328	NA	NA	NA	NA	0.099	0.003	0.006	0.469	0.087	0.112	940	NA	NA	NA	NA	0	0	1	1	0	0	9	0	0	0	0	1	0	0	36	0	0	0	0	0	0	0	0	0	0	NA	NA	5.17	0.0231	NA	NA	10.51	2.48	5.97	1.27	5.95	1.01	7.70	2.03	5.53	0.98	12.04	2.41	1.57	0.51	13.21	2.75	21.09	4.97	12.32	2.86	6.09	1.19	0.16	0.06	0.46	0.14	NA	NA	NA	NA	NA	NA	NA	NA	NA	NA	17	0	0	14	0	5	150	10	63	1504	NA	NA	NA	2	2	NA	NA	NA	0.003257	0.000035	-0.000918	-0.007774	0.000032	0.003905	0.010639	-0.000769	NA	0.253	0.24	NA	NA	TFBS	0.1050000	NA	0.394807	4.332
13	38037787	A	G	SNV	0	Transcript	INTRONIC	2	intron,non_coding	0.291	0	NA	NA	NA	NA	NA	NA	ENSG00000274317	ENST00000667295	LINC02334	NA	4/4	NA	NA	NA	NA	NA	NA	NA	NA	NA	NA	103023	6185	NA	NA	NA	NA	0.001	0.002	0.001	-0.558	1.439	0.957	903	NA	NA	NA	NA	0	0	2	39	0	0	0	0	0	0	0	0	0	0	6	0	0	0	0	0	1	0	0	0	0	NA	NA	5.18	3.99	NA	NA	3.73	1.55	2.51	1.02	1.02	0.49	1.98	1.35	8.89	1.16	2.10	1.20	1.90	0.68	0.96	0.96	1.32	0.90	2.29	1.18	4.47	1.41	0.22	0.06	0.04	0.02	NA	NA	NA	NA	NA	NA	NA	NA	NA	NA	5	0	0	16	4	7	139	20	75	1340	NA	NA	NA	NA	NA	NA	NA	NA	0.000686	0.000113	-0.00051	-0.002503	-0.003637	-0.000269	0.002841	0.002107	NA	0	0.615	NA	NA	high	0.03	NA	0.501601	5.480
13	64439130	A	C	SNV	0	Intergenic	INTERGENIC	0	intergenic	0.245	0.013	NA	NA	NA	NA	NA	NA	NA	NA	NA	NA	NA	NA	NA	NA	NA	NA	NA	NA	NA	NA	NA	363086	449394	NA	NA	NA	NA	0.018	0.002	0.001	0.474	0.446	0.244	962	NA	NA	NA	NA	0	0	0	38	0	0	0	0	0	0	0	0	0	0	9	0	0	0	0	0	1	0	0	0	0	NA	NA	5.25	1.64	NA	NA	2.12	0.89	1.61	0.66	4.25	1.80	5.42	1.51	6.09	2.22	2.64	0.67	8.73	1.29	1.93	1.19	2.19	0.98	3.25	1.39	5.01	2.13	0.22	0.08	NA	NA	NA	NA	NA	NA	NA	NA	NA	NA	NA	NA	3	0	0	15	2	3	157	26	55	1375	NA	NA	NA	NA	NA	NA	NA	NA	0.002794	0.003593	-0.025486	-0.007471	-0.009074	0.001137	-0.00801	0.045073	NA	0.048	-0.025	NA	NA	TFBS	0.041	NA	0.303527	3.311
13	78164953	A	G	SNV	0	Transcript	INTRONIC	2	intron,non_coding	0.278	0	NA	NA	NA	NA	NA	NA	ENSG00000234377	ENST00000607862	OBI1-AS1	NA	1/2	NA	NA	NA	NA	NA	NA	NA	NA	NA	NA	109798	198779	NA	NA	NA	NA	0.003	0	0	0.453	-0.607	-0.6	604	NA	NA	NA	NA	0	0	0	37	0	0	0	0	0	0	0	0	0	0	8	0	0	0	0	0	3	0	0	0	0	NA	NA	1.37	-2.54	NA	NA	3.30	0.93	2.85	1.11	6.32	2.35	3.67	1.18	3.80	1.02	3.27	1.70	8.86	2.43	2.37	0.69	1.31	0.59	4.15	0.97	5.23	2.05	0.16	0.04	NA	NA	NA	NA	NA	NA	NA	NA	NA	NA	NA	NA	11	0	1	12	3	8	139	21	72	1434	NA	NA	NA	1	2	NA	NA	NA	-0.001963	-0.001101	-0.002154	0.021571	0.037183	-0.003417	0.007127	-0.039404	NA	0.001	0.049	NA	NA	low	0.2230000	NA	-0.026684	0.966
14	18036938	T	C	SNV	0	Intergenic	INTERGENIC	0	intergenic	0.371	0.013	NA	NA	NA	NA	NA	NA	NA	NA	NA	NA	NA	NA	NA	NA	NA	NA	NA	NA	NA	NA	NA	296789	303722	NA	NA	NA	NA	NA	NA	NA	NA	NA	NA	NA	NA	NA	NA	NA	0	7	15	20	0	0	0	0	0	0	0	0	0	0	5	0	0	0	0	0	1	0	0	0	0	NA	NA	0	0	NA	NA	NA	NA	NA	NA	NA	NA	NA	NA	NA	NA	NA	NA	NA	NA	NA	NA	NA	NA	NA	NA	NA	NA	NA	NA	NA	NA	NA	NA	NA	NA	NA	NA	NA	NA	NA	NA	632585	NA	NA	NA	NA	NA	NA	NA	NA	NA	NA	NA	NA	NA	NA	NA	NA	NA	-0.014951	-0.014161	-0.011886	-0.014654	-0.014482	-0.012105	-0.014023	0.011041	NA	NA	NA	NA	NA	NA	NA	NA	0.987841	10.19
14	69193931	C	CA	INS	1	Transcript	INTRONIC	2	intron	0.433	0.04	NA	NA	NA	NA	NA	NA	ENSG00000081177	ENST00000685843	EXD2	CCDS53902.1	1/9	NA	NA	NA	NA	NA	NA	NA	NA	NA	NA	2096	10911	NA	NA	NA	NA	0.012	0	0	0.452	0.204	0.212	852	NA	NA	NA	NA	0	1	1	3	0	0	4	0	0	0	0	1	1	0	35	0	0	0	0	0	0	0	0	2	0	NA	NA	3.06	0.675	NA	NA	18.45	3.72	10.39	1.77	9.16	1.37	12.01	3.52	7.92	1.32	9.86	2.33	6.25	1.85	7.98	1.53	46.87	10.83	11.45	2.18	15.83	3.16	0.36	0.08	0.19	0.06	NA	0	0	0	0	NA	NA	NA	NA	NA	16	0	0	10	2	2	111	21	47	1192	NA	NA	NA	1	2	NA	NA	NA	0.007565	0.009767	0.017876	0.015664	0.026193	0.012488	0.002707	-0.008804	NA	0.003	0.13	NA	NA	NA	NA	NA	-0.035406	0.934
14	69193931	C	CA	INS	1	Transcript	INTRONIC	2	intron,non_coding	0.433	0.04	NA	NA	NA	NA	NA	NA	ENSG00000258957	ENST00000554898	GALNT16-AS1	NA	2/2	NA	NA	NA	NA	NA	NA	NA	NA	NA	NA	2096	10911	NA	NA	NA	NA	0.012	0	0	0.452	0.204	0.212	852	NA	NA	NA	NA	0	1	1	3	0	0	4	0	0	0	0	1	1	0	35	0	0	0	0	0	0	0	0	2	0	NA	NA	3.06	0.675	NA	NA	18.45	3.72	10.39	1.77	9.16	1.37	12.01	3.52	7.92	1.32	9.86	2.33	6.25	1.85	7.98	1.53	46.87	10.83	11.45	2.18	15.83	3.16	0.36	0.08	0.19	0.06	NA	NA	NA	NA	NA	NA	NA	NA	NA	NA	16	0	0	10	2	2	111	21	47	1192	NA	NA	NA	1	2	NA	NA	NA	0.007565	0.009767	0.017876	0.015664	0.026193	0.012488	0.002707	-0.008804	NA	0.003	0.13	NA	NA	NA	NA	NA	-0.035406	0.934
15	76734679	A	G	SNV	0	Intergenic	UPSTREAM	1	upstream	0.53	0.053	NA	NA	NA	NA	NA	NA	ENSG00000201510	ENST00000364640	RN7SKP217	NA	NA	NA	NA	NA	NA	NA	NA	NA	NA	NA	NA	127266	28753	NA	NA	NA	NA	0.001	0.001	0.001	0.463	0.462	0.462	266	NA	NA	NA	NA	0	0	2	10	0	0	19	1	0	0	0	0	0	0	16	0	0	0	0	0	0	0	0	0	0	NA	NA	0.475	0.475	NA	NA	5.09	1.13	1.35	0.48	8.53	1.70	7.91	1.32	6.27	1.32	9.94	2.30	5.38	1.24	10.17	2.16	5.92	2.70	5.26	1.29	8.75	2.36	0.09	0.03	0.05	0.02	NA	NA	NA	NA	NA	NA	NA	NA	NA	NA	14	0	0	11	2	8	156	17	62	1366	NA	NA	NA	NA	NA	NA	NA	NA	0.000227	-0.003004	0.000249	-0.000804	0.000521	-0.000173	-0.002242	0.005057	NA	0.001	0.449	NA	NA	high	0.083	NA	0.341241	3.730
15	76734679	A	G	SNV	0	Transcript	INTRONIC	2	intron	0.53	0.053	NA	NA	NA	NA	NA	NA	ENSG00000140386	ENST00000563290	SCAPER	CCDS53962.1	15/31	NA	NA	NA	NA	NA	NA	NA	NA	NA	NA	127266	28753	NA	NA	NA	NA	0.001	0.001	0.001	0.463	0.462	0.462	266	NA	NA	NA	NA	0	0	2	10	0	0	19	1	0	0	0	0	0	0	16	0	0	0	0	0	0	0	0	0	0	NA	NA	0.475	0.475	NA	NA	5.09	1.13	1.35	0.48	8.53	1.70	7.91	1.32	6.27	1.32	9.94	2.30	5.38	1.24	10.17	2.16	5.92	2.70	5.26	1.29	8.75	2.36	0.09	0.03	0.05	0.02	NA	0	0	0	0	NA	NA	NA	NA	NA	14	0	0	11	2	8	156	17	62	1366	NA	NA	NA	NA	NA	NA	NA	NA	0.000227	-0.003004	0.000249	-0.000804	0.000521	-0.000173	-0.002242	0.005057	NA	0.001	0.449	NA	NA	high	0.083	NA	0.341241	3.730
16	4288181	G	T	SNV	0	Intergenic	INTERGENIC	0	intergenic	0.49	0.013	NA	NA	NA	NA	NA	NA	NA	NA	NA	NA	NA	NA	NA	NA	NA	NA	NA	NA	NA	NA	NA	15106	19020	NA	NA	NA	NA	0.337	0	0	0.259	0.045	0.062	829	NA	NA	NA	NA	0	0	0	0	0	0	1	0	0	0	0	7	0	1	33	0	0	1	1	0	2	1	0	0	1	NA	NA	3.62	0.0936	1	-0.44	44.51	14.01	28.75	9.96	15.40	5.16	26.30	6.26	8.40	1.96	19.22	4.85	6.98	2.59	5.35	2.03	11.40	2.51	11.44	1.99	26.13	7.45	0.33	0.06	0.01	0.01	NA	NA	NA	NA	NA	NA	NA	NA	NA	NA	13	0	1	16	1	10	184	12	75	1605	CTCF Binding Site	NA	NA	11	31	NA	NA	NA	-0.020026	-0.008448	0.000818	-0.002753	0.001753	-0.000008	-0.001029	0.022956	NA	0.022	-0.119	NA	NA	TFBS	0.041	NA	0.167105	2.024
16	4288181	G	T	SNV	0	RegulatoryFeature	REGULATORY	4	regulatory	0.49	0.013	NA	NA	NA	NA	NA	NA	NA	ENSR00000529596	NA	NA	NA	NA	NA	NA	NA	NA	NA	NA	NA	NA	NA	15106	19020	NA	NA	NA	NA	0.337	0	0	0.259	0.045	0.062	829	NA	NA	NA	NA	0	0	0	0	0	0	1	0	0	0	0	7	0	1	33	0	0	1	1	0	2	1	0	0	1	NA	NA	3.62	0.0936	1	-0.44	44.51	14.01	28.75	9.96	15.40	5.16	26.30	6.26	8.40	1.96	19.22	4.85	6.98	2.59	5.35	2.03	11.40	2.51	11.44	1.99	26.13	7.45	0.33	0.06	0.01	0.01	NA	NA	NA	NA	NA	NA	NA	NA	NA	NA	13	0	1	16	1	10	184	12	75	1605	CTCF Binding Site	NA	NA	11	31	NA	NA	NA	-0.020026	-0.008448	0.000818	-0.002753	0.001753	-0.000008	-0.001029	0.022956	NA	0.022	-0.119	NA	NA	TFBS	0.041	NA	0.167105	2.024
16	26723484	G	T	SNV	0	Transcript	INTRONIC	2	intron,non_coding	0.483	0.04	NA	NA	NA	NA	NA	NA	ENSG00000260580	ENST00000562900	NA	NA	1/1	NA	NA	NA	NA	NA	NA	NA	NA	NA	NA	1610	5643	NA	NA	NA	NA	0.024	0.024	0.024	0.595	0.592	0.571	981	NA	NA	NA	NA	0	0	3	31	0	0	0	0	0	0	0	0	0	0	8	0	0	0	0	0	6	0	0	0	0	NA	NA	0.493	0.493	NA	NA	2.79	0.79	1.05	0.53	5.35	1.50	4.01	1.36	14.35	2.85	4.12	1.20	9.54	2.15	2.35	0.63	0.80	0.42	5.08	1.57	6.25	1.46	0.18	0.04	NA	NA	NA	NA	NA	NA	NA	NA	NA	NA	NA	NA	13	0	1	10	2	4	128	38	66	1302	NA	NA	NA	NA	NA	NA	NA	NA	-0.000377	-0.008288	-0.00136	0.001616	-0.000864	-0.014026	-0.010022	0.022972	NA	0.06	0.581	NA	NA	high	0.051	NA	0.239017	2.644
17	15543488	A	G	SNV	0	Transcript	INTRONIC	2	intron	0.358	0.013	NA	NA	NA	NA	NA	NA	ENSG00000175106	ENST00000518321	TVP23C	CCDS45617.1	5/5	NA	NA	NA	NA	NA	NA	NA	NA	NA	NA	2429	2986	NA	NA	NA	NA	0.611	0	0	0.321	-0.017	-0.014	782	NA	NA	NA	NA	0	0	0	0	0	0	32	13	1	0	0	0	0	0	2	0	0	0	0	0	0	0	0	0	0	NA	NA	3.23	-0.211	NA	NA	0.18	0.18	NA	NA	0.50	0.50	1.83	0.79	0.85	0.55	2.02	0.98	0.57	0.57	1.11	0.63	0.93	0.93	0.50	0.50	0.51	0.51	0.18	0.05	0.33	0.10	NA	0	0	0	0	NA	NA	NA	NA	NA	28	1	1	6	2	6	118	12	59	1293	NA	NA	NA	NA	NA	NA	NA	NA	0.002418	0.007038	0.00924	0.008103	0.002029	0.008358	0.049927	-0.066462	NA	0.014	0.239	NA	NA	low	0.2230000	NA	0.780239	8.104
18	38587850	A	C	SNV	0	Intergenic	INTERGENIC	0	intergenic	0.338	0	NA	NA	NA	NA	NA	NA	NA	NA	NA	NA	NA	NA	NA	NA	NA	NA	NA	NA	NA	NA	NA	72926	67360	NA	NA	NA	NA	0.005	0	0	-0.347	-0.134	-0.128	963	NA	NA	NA	NA	0	0	2	40	0	0	0	0	0	0	0	0	0	0	5	0	0	0	0	0	1	0	0	0	0	NA	NA	5.77	-1.74	NA	NA	3.94	1.09	3.82	1.33	7.75	2.67	3.88	1.36	14.84	3.54	8.34	1.92	7.23	2.32	3.80	1.19	2.67	1.23	6.88	1.92	5.31	0.90	0.18	0.03	NA	NA	NA	NA	NA	NA	NA	NA	NA	NA	NA	NA	11	1	0	11	4	4	147	25	37	1443	NA	NA	NA	NA	NA	NA	NA	NA	-0.000095	0.000334	0.000031	0.000186	-0.002046	-0.000166	0.002855	0.000238	NA	0.002	0.399	NA	NA	high	0.062	NA	0.146872	1.875
19	7096488	T	G	SNV	0	Intergenic	INTERGENIC	0	intergenic	0.477	0.053	NA	NA	NA	NA	NA	NA	NA	NA	NA	NA	NA	NA	NA	NA	NA	NA	NA	NA	NA	NA	NA	26783	8520	NA	NA	NA	NA	0.022	0	0	0.267	-0.857	-0.844	934	NA	NA	NA	NA	0	4	13	6	0	0	1	0	0	0	0	0	0	0	24	0	0	0	0	0	0	0	0	0	0	NA	NA	1.39	-2.51	NA	NA	6.20	1.03	4.88	1.31	9.75	1.87	5.58	1.17	32.07	6.28	6.58	1.83	6.58	1.20	9.92	2.70	8.18	1.21	12.71	2.98	7.14	1.47	0.29	0.13	0.04	0.02	NA	NA	NA	NA	NA	NA	NA	NA	NA	NA	12	0	2	15	1	6	130	26	58	1444	NA	NA	NA	3	3	NA	NA	NA	0.014733	0.017415	-0.002831	0.00371	-0.001965	-0.000238	0.000645	-0.034794	NA	0.015	1.557	NA	NA	high	0.02	NA	0.478995	5.245
2	49272961	T	C	SNV	0	Transcript	INTRONIC	2	intron,non_coding	0.338	0	NA	NA	NA	NA	NA	NA	ENSG00000282890	ENST00000634588	NA	NA	2/4	NA	NA	NA	NA	NA	NA	NA	NA	NA	NA	178936	70835	NA	NA	NA	NA	0.06	0	0	0.469	-0.003	0.024	808	NA	NA	NA	NA	0	0	1	40	0	0	0	0	0	0	0	0	0	0	5	0	0	0	0	0	2	0	0	0	0	NA	NA	5.14	-0.58	NA	NA	3.74	1.38	2.88	1	5.29	1.40	5.46	1.30	12.49	1.93	3.81	0.91	11.70	1.86	2.58	1.54	1.25	0.52	4.36	1.80	7.15	1.16	0.28	0.05	NA	NA	NA	NA	NA	NA	NA	NA	NA	NA	NA	NA	8	0	0	27	2	3	181	24	54	1608	NA	NA	NA	NA	NA	NA	NA	NA	0.001571	0.002949	-0.003101	-0.002924	0.00171	0.004785	0.007665	-0.013881	NA	0.034	0.568	NA	NA	high	0.083	NA	0.291649	3.182
2	49272961	T	C	SNV	0	Transcript	INTRONIC	2	intron,non_coding	0.338	0	NA	NA	NA	NA	NA	NA	ENSG00000282998	ENST00000635306	NA	NA	3/6	NA	NA	NA	NA	NA	NA	NA	NA	NA	NA	178936	70835	NA	NA	NA	NA	0.06	0	0	0.469	-0.003	0.024	808	NA	NA	NA	NA	0	0	1	40	0	0	0	0	0	0	0	0	0	0	5	0	0	0	0	0	2	0	0	0	0	NA	NA	5.14	-0.58	NA	NA	3.74	1.38	2.88	1	5.29	1.40	5.46	1.30	12.49	1.93	3.81	0.91	11.70	1.86	2.58	1.54	1.25	0.52	4.36	1.80	7.15	1.16	0.28	0.05	NA	NA	NA	NA	NA	NA	NA	NA	NA	NA	NA	NA	8	0	0	27	2	3	181	24	54	1608	NA	NA	NA	NA	NA	NA	NA	NA	0.001571	0.002949	-0.003101	-0.002924	0.00171	0.004785	0.007665	-0.013881	NA	0.034	0.568	NA	NA	high	0.083	NA	0.291649	3.182
2	174281903	C	T	SNV	0	Intergenic	INTERGENIC	0	intergenic	0.543	0	NA	NA	NA	NA	NA	NA	NA	NA	NA	NA	NA	NA	NA	NA	NA	NA	NA	NA	NA	NA	NA	16922	17025	NA	NA	NA	NA	0.016	0	0.001	-1.249	-0.814	-0.81	918	NA	NA	NA	NA	0	0	1	17	0	0	0	0	0	0	0	1	0	0	6	0	0	0	0	0	16	5	1	1	0	NA	NA	4.13	-1.96	NA	NA	9.79	3.89	4.97	0.97	7.03	1.54	7.02	1.17	12.03	2.40	8.09	3.59	31.58	5.80	4.95	2.21	3.30	0.80	9.38	1.69	15.68	3.22	0.90	0.25	NA	NA	NA	NA	NA	NA	NA	NA	NA	NA	NA	NA	12	0	0	12	0	4	147	19	57	1330	NA	NA	NA	2	4	NA	NA	NA	-0.007395	-0.036176	0.000878	0.006618	0.001984	0.029812	0.019904	-0.005506	NA	0.006	0.199	NA	NA	TFBS	0.1390000	NA	-0.026335	0.968
3	79613690	T	G	SNV	0	Transcript	INTRONIC	2	intron	0.344	0	NA	NA	NA	NA	NA	NA	ENSG00000169855	ENST00000464233	ROBO1	CCDS54611.1	1/30	NA	NA	NA	NA	NA	NA	NA	NA	NA	NA	154309	1016451	NA	NA	NA	NA	0.033	0.004	0.006	-0.605	-0.234	-0.389	863	NA	NA	NA	NA	0	0	5	37	0	0	0	0	0	0	0	0	0	0	5	0	0	0	0	0	1	0	0	0	0	NA	NA	1.58	-1.15	NA	NA	5.88	2.18	3.04	1.48	5.82	1.57	3.51	1.20	14.60	2.58	2.78	0.98	8.29	1.84	3.53	1.62	3.65	1.63	9.32	3.10	5.11	0.77	0.24	0.07	NA	NA	NA	NA	NA	NA	NA	NA	NA	NA	NA	NA	8	0	3	10	5	10	149	15	81	1459	NA	NA	NA	1	1	NA	NA	NA	-0.004403	0.001017	0.019547	0.0076	0.074373	-0.000705	-0.025133	-0.09618	NA	0.006	0.179	NA	NA	high	0.02	NA	0.005207	1.093
4	43632414	A	G	SNV	0	Intergenic	INTERGENIC	0	intergenic	0.338	0	NA	NA	NA	NA	NA	NA	NA	NA	NA	NA	NA	NA	NA	NA	NA	NA	NA	NA	NA	NA	NA	33570	33870	NA	NA	NA	NA	0.256	0	0	0.328	-0.712	-0.76	919	NA	NA	NA	NA	0	0	0	45	0	0	0	0	0	0	0	0	0	0	3	0	0	0	0	0	0	0	0	0	0	NA	NA	2.52	-3.24	NA	NA	2.39	0.78	4.18	1.41	3.69	1.42	5.50	2.36	9.83	3.06	1.23	0.53	4.79	1.94	4.03	1.12	2.38	0.64	4.53	1.17	6.03	1.26	0.07	0.02	NA	NA	NA	NA	NA	NA	NA	NA	NA	NA	NA	NA	9	0	1	19	1	8	165	20	81	1613	NA	NA	NA	NA	NA	NA	NA	NA	0.000699	0.000441	-0.000321	0.004417	0.0032	0.000559	0.001221	-0.011788	NA	0.007	-1.988	NA	NA	high	0.1740000	NA	-0.324398	0.297
4	58984759	G	A	SNV	0	Intergenic	UPSTREAM	1	upstream	0.358	0	NA	NA	NA	NA	NA	NA	ENSG00000251339	ENST00000513551	NA	NA	NA	NA	NA	NA	NA	NA	NA	NA	NA	NA	NA	477	45471	NA	NA	NA	NA	0.001	0.014	0.012	-0.485	-0.09	-0.123	973	NA	NA	NA	NA	2	0	1	42	0	0	0	0	0	0	0	1	0	1	1	0	0	0	0	0	0	0	0	0	0	NA	NA	2.12	-0.628	1	-0.01	5.64	2.65	3.41	0.75	1.44	0.63	3.91	1.41	13.31	3.10	4.70	1.83	2.82	0.62	0.63	0.63	1.56	1.26	4.15	2.01	2.94	1.33	0.09	0.02	NA	NA	NA	NA	NA	NA	NA	NA	NA	NA	NA	NA	5	0	0	13	4	7	138	30	63	1591	NA	NA	NA	NA	NA	NA	NA	NA	0.000035	-0.001136	0.000892	-0.000899	0.001067	-0.000477	-0.001815	0.003887	NA	0	-0.329	NA	NA	TFBS	0.1390000	0.1390000	-0.078601	0.789
4	58984759	G	A	SNV	0	Transcript	INTRONIC	2	intron,non_coding	0.358	0	NA	NA	NA	NA	NA	NA	ENSG00000249382	ENST00000669862	LINC02619	NA	2/2	NA	NA	NA	NA	NA	NA	NA	NA	NA	NA	477	45471	NA	NA	NA	NA	0.001	0.014	0.012	-0.485	-0.09	-0.123	973	NA	NA	NA	NA	2	0	1	42	0	0	0	0	0	0	0	1	0	1	1	0	0	0	0	0	0	0	0	0	0	NA	NA	2.12	-0.628	1	-0.01	5.64	2.65	3.41	0.75	1.44	0.63	3.91	1.41	13.31	3.10	4.70	1.83	2.82	0.62	0.63	0.63	1.56	1.26	4.15	2.01	2.94	1.33	0.09	0.02	NA	NA	NA	NA	NA	NA	NA	NA	NA	NA	NA	NA	5	0	0	13	4	7	138	30	63	1591	NA	NA	NA	NA	NA	NA	NA	NA	0.000035	-0.001136	0.000892	-0.000899	0.001067	-0.000477	-0.001815	0.003887	NA	0	-0.329	NA	NA	TFBS	0.1390000	0.1390000	-0.078601	0.789
4	58984759	G	A	SNV	0	Transcript	INTRONIC	2	intron,non_coding	0.358	0	NA	NA	NA	NA	NA	NA	ENSG00000251266	ENST00000513836	LINC02429	NA	1/2	NA	NA	NA	NA	NA	NA	NA	NA	NA	NA	477	45471	NA	NA	NA	NA	0.001	0.014	0.012	-0.485	-0.09	-0.123	973	NA	NA	NA	NA	2	0	1	42	0	0	0	0	0	0	0	1	0	1	1	0	0	0	0	0	0	0	0	0	0	NA	NA	2.12	-0.628	1	-0.01	5.64	2.65	3.41	0.75	1.44	0.63	3.91	1.41	13.31	3.10	4.70	1.83	2.82	0.62	0.63	0.63	1.56	1.26	4.15	2.01	2.94	1.33	0.09	0.02	NA	NA	NA	NA	NA	NA	NA	NA	NA	NA	NA	NA	5	0	0	13	4	7	138	30	63	1591	NA	NA	NA	NA	NA	NA	NA	NA	0.000035	-0.001136	0.000892	-0.000899	0.001067	-0.000477	-0.001815	0.003887	NA	0	-0.329	NA	NA	TFBS	0.1390000	0.1390000	-0.078601	0.789
4	62150794	C	T	SNV	0	Transcript	INTRONIC	2	intron,non_coding	0.318	0	NA	NA	NA	NA	NA	NA	ENSG00000248692	ENST00000506704	ADGRL3-AS1	NA	3/8	NA	NA	NA	NA	NA	NA	NA	NA	NA	NA	14752	64937	NA	NA	NA	NA	0.025	0.025	0.023	0.289	0.292	-0.316	944	NA	NA	NA	NA	0	0	1	43	0	0	0	0	0	0	0	0	0	0	4	0	0	0	0	0	0	0	0	0	0	NA	NA	0.271	0.271	NA	NA	1.87	1.06	3.14	1.33	3.13	0.89	1.50	0.79	12.05	2.75	1.65	0.82	1.44	0.41	3.45	1.19	2.57	1.03	5.35	1.94	5.87	2.05	0.11	0.03	NA	NA	NA	NA	NA	NA	NA	NA	NA	NA	NA	NA	16	1	1	9	2	5	125	20	68	1460	NA	NA	NA	NA	NA	NA	NA	NA	-0.000338	-0.003604	-0.003434	0.000098	-0.002572	-0.006628	-0.020117	0.031096	NA	0.003	0.579	NA	NA	high	0.083	NA	0.167629	2.028
4	62150794	C	T	SNV	0	Transcript	INTRONIC	2	intron,non_coding	0.318	0	NA	NA	NA	NA	NA	NA	ENSG00000288659	ENST00000687436	NA	NA	2/2	NA	NA	NA	NA	NA	NA	NA	NA	NA	NA	14752	64937	NA	NA	NA	NA	0.025	0.025	0.023	0.289	0.292	-0.316	944	NA	NA	NA	NA	0	0	1	43	0	0	0	0	0	0	0	0	0	0	4	0	0	0	0	0	0	0	0	0	0	NA	NA	0.271	0.271	NA	NA	1.87	1.06	3.14	1.33	3.13	0.89	1.50	0.79	12.05	2.75	1.65	0.82	1.44	0.41	3.45	1.19	2.57	1.03	5.35	1.94	5.87	2.05	0.11	0.03	NA	NA	NA	NA	NA	NA	NA	NA	NA	NA	NA	NA	16	1	1	9	2	5	125	20	68	1460	NA	NA	NA	NA	NA	NA	NA	NA	-0.000338	-0.003604	-0.003434	0.000098	-0.002572	-0.006628	-0.020117	0.031096	NA	0.003	0.579	NA	NA	high	0.083	NA	0.167629	2.028
4	96754084	A	G	SNV	0	Transcript	INTRONIC	2	intron,non_coding	0.391	0.013	NA	NA	NA	NA	NA	NA	ENSG00000248510	ENST00000522173	LINC02267	NA	3/3	NA	NA	NA	NA	NA	NA	NA	NA	NA	NA	443352	64781	NA	NA	NA	NA	0.02	0.001	0.001	0.475	0.573	0.572	804	NA	NA	NA	NA	0	0	0	44	0	0	0	0	0	0	0	0	0	0	4	0	0	0	0	0	0	0	0	0	0	NA	NA	4.43	2.06	NA	NA	4.32	1.21	1.54	0.53	4.29	0.89	1.93	0.93	14.46	2.54	2.34	0.78	7.82	4.68	9.65	3.23	3.88	0.92	2.20	1.62	8.86	2.35	0.19	0.04	NA	NA	NA	NA	NA	NA	NA	NA	NA	NA	NA	NA	14	0	0	19	3	1	142	20	40	1482	NA	NA	NA	NA	NA	NA	NA	NA	0.002415	0.003886	-0.011217	0.002374	-0.013782	0.004577	0.010392	0.012813	NA	0.053	2.262	NA	NA	high	0.041	NA	0.804230	8.325
4	105032042	T	C	SNV	0	Transcript	INTRONIC	2	intron,non_coding	0.358	0	NA	NA	NA	NA	NA	NA	ENSG00000248373	ENST00000671069	NA	NA	4/6	NA	NA	NA	NA	NA	NA	NA	NA	NA	NA	58330	84804	NA	NA	NA	NA	0.182	0.181	0.182	0.068	0.068	0.069	939	NA	NA	NA	NA	0	0	0	42	0	0	0	0	0	0	0	0	0	0	4	0	0	0	0	0	2	0	0	0	0	NA	NA	0.0239	0.0239	NA	NA	NA	NA	NA	NA	NA	NA	NA	NA	0.57	0.57	1.22	1.22	NA	NA	NA	NA	NA	NA	NA	NA	0.68	0.68	0.01	0.01	NA	NA	NA	NA	NA	NA	NA	NA	NA	NA	NA	NA	6	0	1	15	1	4	147	20	56	1439	NA	NA	NA	NA	NA	NA	NA	NA	0.002454	0.004563	-0.000603	-0.002738	0.000329	-0.000333	-0.002621	0.000017	NA	0.101	0.11	NA	NA	low	0.083	NA	0.374227	4.101
4	107977630	A	T	SNV	0	Transcript	INTRONIC	2	intron,non_coding	0.391	0	NA	NA	NA	NA	NA	NA	ENSG00000245293	ENST00000656249	CYP2U1-AS1	NA	1/9	NA	NA	NA	NA	NA	NA	NA	NA	NA	NA	1170	67254	NA	NA	NA	NA	0.641	0.002	0.002	0.453	0.433	0.439	920	NA	NA	NA	NA	0	0	1	32	0	0	0	0	0	0	0	0	0	0	12	0	0	0	0	0	3	0	0	0	0	NA	NA	2.54	1.26	NA	NA	4.95	1.69	7.09	2.30	4.43	1.07	3.85	1.05	10.24	1.71	5.22	2.26	9.86	2.49	3.26	0.88	3.05	0.55	8.08	1.69	14.60	3.07	0.18	0.04	0.01	0.01	NA	NA	NA	NA	NA	NA	NA	NA	NA	NA	18	0	1	20	1	8	118	9	54	1283	NA	NA	NA	13	15	NA	NA	NA	0.006527	0.003025	-0.163735	-0.011148	-0.048956	-0.00547	0.002362	0.137508	NA	0.558	0.309	NA	NA	TFBS	0.013	NA	1.055651	10.95
4	140798977	C	T	SNV	0	Intergenic	INTERGENIC	0	intergenic	0.477	0	NA	NA	NA	NA	NA	NA	NA	NA	NA	NA	NA	NA	NA	NA	NA	NA	NA	NA	NA	NA	NA	19836	19938	NA	NA	NA	NA	0.044	0	0	-0.41	0.034	0.043	939	NA	NA	NA	NA	0	0	0	14	0	0	0	0	0	0	0	2	0	0	16	0	0	0	0	0	12	1	1	2	0	NA	NA	2.84	1.06	NA	NA	21.26	12.97	7.13	1.39	8.39	1.89	3.08	1.08	10.04	2.53	11.50	2.94	17.27	3.07	3.02	2.26	3.80	0.95	5.60	1.51	15.07	2.94	1.47	0.69	NA	NA	NA	NA	NA	NA	NA	NA	NA	NA	NA	NA	6	0	1	9	2	8	97	20	72	1341	CTCF Binding Site	NA	NA	8	12	NA	NA	NA	-0.010429	-0.015941	-0.000801	0.069831	0.059961	0.067448	0.048487	-0.064278	NA	0.208	-0.104	NA	NA	TFBS	0.1860000	NA	0.171738	2.060
4	140798977	C	T	SNV	0	RegulatoryFeature	REGULATORY	4	regulatory	0.477	0	NA	NA	NA	NA	NA	NA	NA	ENSR00000738013	NA	NA	NA	NA	NA	NA	NA	NA	NA	NA	NA	NA	NA	19836	19938	NA	NA	NA	NA	0.044	0	0	-0.41	0.034	0.043	939	NA	NA	NA	NA	0	0	0	14	0	0	0	0	0	0	0	2	0	0	16	0	0	0	0	0	12	1	1	2	0	NA	NA	2.84	1.06	NA	NA	21.26	12.97	7.13	1.39	8.39	1.89	3.08	1.08	10.04	2.53	11.50	2.94	17.27	3.07	3.02	2.26	3.80	0.95	5.60	1.51	15.07	2.94	1.47	0.69	NA	NA	NA	NA	NA	NA	NA	NA	NA	NA	NA	NA	6	0	1	9	2	8	97	20	72	1341	CTCF Binding Site	NA	NA	8	12	NA	NA	NA	-0.010429	-0.015941	-0.000801	0.069831	0.059961	0.067448	0.048487	-0.064278	NA	0.208	-0.104	NA	NA	TFBS	0.1860000	NA	0.171738	2.060
5	30864663	C	A	SNV	0	Intergenic	INTERGENIC	0	intergenic	0.358	0	NA	NA	NA	NA	NA	NA	NA	NA	NA	NA	NA	NA	NA	NA	NA	NA	NA	NA	NA	NA	NA	120959	131106	NA	NA	NA	NA	0.062	0	0	-0.769	-2.279	-2.211	899	NA	NA	NA	NA	0	0	3	34	1	0	0	0	0	0	0	0	0	0	7	0	0	0	0	0	1	0	0	2	0	NA	NA	4.66	-5.87	NA	NA	8.48	2.41	5.19	0.97	6.30	1.52	3.83	0.99	13.34	3.14	5.25	1.32	8.08	2.28	2.37	0.85	3.54	0.90	6.34	2.09	7.76	1.84	0.27	0.08	NA	NA	NA	NA	NA	NA	NA	NA	NA	NA	NA	NA	10	0	1	11	0	11	141	13	91	1239	NA	NA	NA	NA	NA	NA	NA	NA	-0.009536	-0.00239	-0.012678	-0.01853	-0.029338	-0.001129	0.004047	0.044199	NA	0.004	-0.209	NA	NA	TFBS	0.03	NA	-0.503797	0.149
6	91173239	C	A	SNV	0	Intergenic	INTERGENIC	0	intergenic	0.404	0	NA	NA	NA	NA	NA	NA	NA	NA	NA	NA	NA	NA	NA	NA	NA	NA	NA	NA	NA	NA	NA	219762	217075	NA	NA	NA	NA	0.024	0.001	0.002	-0.437	-0.361	-0.339	908	NA	NA	NA	NA	0	0	1	36	0	0	0	0	0	0	0	2	0	0	5	0	0	0	0	0	3	0	0	1	0	NA	NA	5.68	-0.372	NA	NA	4.62	1.29	2.65	0.82	4.39	0.98	3.77	1.24	7.24	1.71	1.93	0.87	12.86	2.46	2.95	1.08	3.24	0.90	6.08	1.51	7.81	1.94	0.15	0.04	NA	NA	NA	NA	NA	NA	NA	NA	NA	NA	NA	NA	10	0	0	15	3	4	139	24	50	1304	Enhancer	NA	NA	NA	NA	NA	NA	NA	-0.000818	-0.001846	0.001846	-0.00542	-0.003594	-0.003924	-0.009084	0.020831	NA	0.002	-0.201	NA	NA	TFBS	0.03	NA	-0.058677	0.853
6	91173239	C	A	SNV	0	RegulatoryFeature	REGULATORY	4	regulatory	0.404	0	NA	NA	NA	NA	NA	NA	NA	ENSR00001113605	NA	NA	NA	NA	NA	NA	NA	NA	NA	NA	NA	NA	NA	219762	217075	NA	NA	NA	NA	0.024	0.001	0.002	-0.437	-0.361	-0.339	908	NA	NA	NA	NA	0	0	1	36	0	0	0	0	0	0	0	2	0	0	5	0	0	0	0	0	3	0	0	1	0	NA	NA	5.68	-0.372	NA	NA	4.62	1.29	2.65	0.82	4.39	0.98	3.77	1.24	7.24	1.71	1.93	0.87	12.86	2.46	2.95	1.08	3.24	0.90	6.08	1.51	7.81	1.94	0.15	0.04	NA	NA	NA	NA	NA	NA	NA	NA	NA	NA	NA	NA	10	0	0	15	3	4	139	24	50	1304	Enhancer	NA	NA	NA	NA	NA	NA	NA	-0.000818	-0.001846	0.001846	-0.00542	-0.003594	-0.003924	-0.009084	0.020831	NA	0.002	-0.201	NA	NA	TFBS	0.03	NA	-0.058677	0.853
6	120997838	C	T	SNV	0	Intergenic	INTERGENIC	0	intergenic	0.331	0.013	NA	NA	NA	NA	NA	NA	NA	NA	NA	NA	NA	NA	NA	NA	NA	NA	NA	NA	NA	NA	NA	108333	81657	NA	NA	NA	NA	0.028	0	0	0.407	-0.713	-0.657	888	NA	NA	NA	NA	0	0	0	43	0	0	1	0	0	0	0	0	0	0	2	0	0	0	0	0	2	0	0	0	0	NA	NA	3.67	-3.22	NA	NA	4.17	1.10	6.33	1.46	3.36	0.82	7.73	1.67	5.23	1.37	4.88	1.86	11.52	1.98	2.38	1.02	1.45	0.66	10.56	2.95	10.69	2.81	0.18	0.06	NA	NA	NA	NA	NA	NA	NA	NA	NA	NA	NA	NA	6	0	1	13	2	4	103	39	49	1267	NA	NA	NA	1	1	NA	NA	NA	-0.001182	0.00059	-0.003303	-0.00186	-0.003773	0.002754	-0.001792	0.013326	NA	0	-1.583	NA	NA	high	0.1630000	NA	-0.491702	0.156
6	137781198	T	C	SNV	0	Intergenic	UPSTREAM	1	upstream	0.43	0.013	NA	NA	NA	NA	NA	NA	ENSG00000207300	ENST00000384570	Y_RNA	NA	NA	NA	NA	NA	NA	NA	NA	NA	NA	NA	NA	11638	51028	NA	NA	NA	NA	0.001	0	0	-0.605	-0.904	-0.871	862	NA	NA	NA	NA	0	0	0	14	0	0	0	0	0	0	0	6	4	3	21	0	0	0	0	0	0	0	0	0	0	NA	NA	2.46	-1.92	NA	NA	26.85	10.24	7.25	1.95	4.45	0.99	17	5.64	5.24	1.42	19.87	7.17	12.65	5.16	4.59	1.19	5.30	2.52	7.17	2.13	22.53	6.10	0.32	0.05	0.01	0.01	NA	NA	NA	NA	NA	NA	NA	NA	NA	NA	6	0	1	10	1	10	136	12	69	1479	Enhancer	NA	NA	NA	NA	NA	NA	NA	0.00738	0.007356	-0.000471	0.000854	-0.000126	0.000599	0.001455	-0.014065	NA	0	-0.068	NA	NA	TFBS	0.041	NA	-0.060246	0.848
6	137781198	T	C	SNV	0	RegulatoryFeature	REGULATORY	4	regulatory	0.43	0.013	NA	NA	NA	NA	NA	NA	NA	ENSR00000806942	NA	NA	NA	NA	NA	NA	NA	NA	NA	NA	NA	NA	NA	11638	51028	NA	NA	NA	NA	0.001	0	0	-0.605	-0.904	-0.871	862	NA	NA	NA	NA	0	0	0	14	0	0	0	0	0	0	0	6	4	3	21	0	0	0	0	0	0	0	0	0	0	NA	NA	2.46	-1.92	NA	NA	26.85	10.24	7.25	1.95	4.45	0.99	17	5.64	5.24	1.42	19.87	7.17	12.65	5.16	4.59	1.19	5.30	2.52	7.17	2.13	22.53	6.10	0.32	0.05	0.01	0.01	NA	NA	NA	NA	NA	NA	NA	NA	NA	NA	6	0	1	10	1	10	136	12	69	1479	Enhancer	NA	NA	NA	NA	NA	NA	NA	0.00738	0.007356	-0.000471	0.000854	-0.000126	0.000599	0.001455	-0.014065	NA	0	-0.068	NA	NA	TFBS	0.041	NA	-0.060246	0.848
6	137781198	T	C	SNV	0	Transcript	INTRONIC	2	intron,non_coding	0.43	0.013	NA	NA	NA	NA	NA	NA	ENSG00000234956	ENST00000645996	LINC02539	NA	2/2	NA	NA	NA	NA	NA	NA	NA	NA	NA	NA	11638	51028	NA	NA	NA	NA	0.001	0	0	-0.605	-0.904	-0.871	862	NA	NA	NA	NA	0	0	0	14	0	0	0	0	0	0	0	6	4	3	21	0	0	0	0	0	0	0	0	0	0	NA	NA	2.46	-1.92	NA	NA	26.85	10.24	7.25	1.95	4.45	0.99	17	5.64	5.24	1.42	19.87	7.17	12.65	5.16	4.59	1.19	5.30	2.52	7.17	2.13	22.53	6.10	0.32	0.05	0.01	0.01	NA	NA	NA	NA	NA	NA	NA	NA	NA	NA	6	0	1	10	1	10	136	12	69	1479	Enhancer	NA	NA	NA	NA	NA	NA	NA	0.00738	0.007356	-0.000471	0.000854	-0.000126	0.000599	0.001455	-0.014065	NA	0	-0.068	NA	NA	TFBS	0.041	NA	-0.060246	0.848
7	49607331	T	G	SNV	0	Intergenic	INTERGENIC	0	intergenic	0.331	0.027	NA	NA	NA	NA	NA	NA	NA	NA	NA	NA	NA	NA	NA	NA	NA	NA	NA	NA	NA	NA	NA	27929	20166	NA	NA	NA	NA	0.427	0.429	0.435	0.295	0.297	0.301	965	NA	NA	NA	NA	0	0	3	40	0	0	0	0	0	0	0	0	0	0	5	0	0	0	0	0	0	0	0	0	0	NA	NA	0.238	0.238	NA	NA	0.85	0.39	1.39	0.67	5.13	1.40	1.94	0.63	5.47	1.44	0.27	0.27	3.70	1.02	NA	NA	2.03	1.03	1.41	0.88	2.71	0.53	0.09	0.03	NA	NA	NA	NA	NA	NA	NA	NA	NA	NA	NA	NA	23	0	0	9	3	4	134	48	71	1547	NA	NA	NA	1	1	NA	NA	NA	0.006128	0.00934	0.00606	0.004651	0.004295	0.004659	0.018144	-0.041494	NA	0.191	0.425	NA	NA	TFBS	0.03	NA	0.974776	10.04
7	66089338	G	T	SNV	0	Transcript	INTRONIC	2	intron,splice_donor	0.649	0.08	NA	NA	NA	NA	NA	NA	ENSG00000126522	ENST00000304874	ASL	CCDS5531.1	13/16	NA	NA	NA	NA	NA	NA	NA	NA	-3	DONOR	99	2726	NA	NA	NA	NA	0.151	0.091	0.076	-0.276	-0.001	0.186	474	NA	NA	NA	NA	0	0	0	2	0	2	15	7	0	0	1	1	0	0	18	0	0	0	0	0	0	0	0	2	0	NA	NA	5.39	-1.09	NA	NA	4.75	1.11	3.89	1.11	4.57	1.84	9.37	1.73	3.73	1.09	6.01	1.22	5.03	2.43	20.38	4.52	7.15	2.70	8.43	3.29	7.39	2.01	0.54	0.24	0.14	0.05	NA	0	0	0.30	0.01	0	0	0	-0.911	0	7	1	3	18	2	6	161	21	73	1344	NA	0.0099	0.174	8	8	NA	NA	NA	0.016703	0.008939	0.037246	0.027113	0.005481	0.010239	0.024578	-0.061993	NA	0.501	0.214	NA	NA	high	0.051	NA	1.821127	15.90
7	68738981	T	G	SNV	0	Intergenic	INTERGENIC	0	intergenic	0.411	0	NA	NA	NA	NA	NA	NA	NA	NA	NA	NA	NA	NA	NA	NA	NA	NA	NA	NA	NA	NA	NA	14933	15070	NA	NA	NA	NA	0.021	0	0	0.469	-0.189	-0.08	960	NA	NA	NA	NA	0	1	6	28	0	0	0	0	0	0	0	0	0	0	6	0	0	0	0	0	7	0	0	0	0	NA	NA	5.24	-1.56	1	0.85	3.74	0.92	6.42	1.33	5.59	0.99	3.66	1.19	27.17	4.52	3.06	1.09	19.51	4.10	3.04	1.62	2.98	1.38	3.31	1.60	9.26	1.97	0.14	0.03	NA	NA	NA	NA	NA	NA	NA	NA	NA	NA	NA	NA	2	0	0	14	2	7	136	13	73	1396	NA	NA	NA	1	2	NA	NA	NA	0.008824	0.020615	0.086663	0.011066	0.031143	0.009095	0.030937	-0.157339	NA	0.014	-0.192	NA	NA	TFBS	0.03	NA	0.050483	1.300
7	109736808	T	G	SNV	0	Intergenic	INTERGENIC	0	intergenic	0.437	0.013	NA	NA	NA	NA	NA	NA	NA	NA	NA	NA	NA	NA	NA	NA	NA	NA	NA	NA	NA	NA	NA	26767	27550	NA	NA	NA	NA	0.009	0.001	0.001	0.321	0.86	0.871	950	NA	NA	NA	NA	0	0	0	45	0	0	0	0	0	0	0	1	0	0	2	0	0	0	0	0	0	0	0	0	0	NA	NA	1.17	1.17	NA	NA	7.46	3.24	5.55	1.63	5.29	1.04	5.63	1.36	29.67	6.01	4.36	1.99	6.17	2.43	6.44	1.92	2.27	0.72	6.84	1.28	11.98	2.36	0.25	0.04	0.01	0.01	NA	NA	NA	NA	NA	NA	NA	NA	NA	NA	4	0	0	16	4	9	144	23	75	1344	NA	NA	NA	1	1	NA	NA	NA	0.006735	-0.069284	-0.009622	-0.016974	-0.00978	-0.014252	-0.011131	0.08141	NA	0.002	0.456	NA	NA	high	0.03	NA	0.340162	3.718
7	117593560	A	C	SNV	0	Transcript	INTRONIC	2	intron	0.291	0.013	NA	NA	NA	NA	NA	NA	ENSG00000001626	ENST00000003084	CFTR	CCDS5773.1	14/26	NA	NA	NA	NA	NA	NA	NA	NA	NA	NA	113465	34351	NA	NA	NA	NA	0.183	0.301	0.343	0.461	0.866	0.877	797	NA	NA	NA	NA	0	0	0	22	0	0	3	0	0	0	0	0	0	0	19	1	0	0	0	0	3	0	0	0	0	NA	NA	5.36	3.01	NA	NA	3.74	1.07	10.03	6.60	9	6.38	6.47	3.33	4.95	2.11	5.60	2.94	6.50	1.40	1.68	0.96	4.05	2.15	7.05	1.94	5.70	1.06	0.08	0.02	NA	NA	NA	0	0	0	0	NA	NA	NA	NA	NA	13	0	1	11	1	5	129	25	51	1282	NA	NA	NA	1	1	NA	NA	NA	0.000316	0.001253	-0.000527	-0.000379	0.000326	0.000058	-0.001918	0.000112	NA	0.002	0.831	NA	NA	high	0.03	NA	0.762609	7.944
7	141638203	A	T	SNV	0	Transcript	INTRONIC	2	intron	0.457	0	NA	NA	NA	NA	NA	NA	ENSG00000006530	ENST00000649286	AGK	CCDS5865.1	11/15	NA	NA	NA	NA	NA	NA	NA	NA	NA	NA	82750	12349	NA	NA	NA	NA	0.016	0.018	0.002	-0.675	-0.23	-0.328	625	NA	NA	NA	NA	0	0	0	0	0	0	16	0	0	0	1	0	0	0	31	0	0	0	0	0	0	0	0	0	0	NA	NA	3.57	-1.61	NA	NA	3.93	1.36	3.23	1.01	6.25	1.50	6.81	1.18	5.62	1.03	6.36	1.69	3.50	1.15	13.95	2.17	6.76	1.69	12.82	3.67	5.01	0.85	0.23	0.06	0.12	0.05	NA	0	0	0	0	NA	NA	NA	NA	NA	17	0	0	10	1	2	105	3	46	1131	NA	NA	NA	NA	NA	NA	NA	NA	0.023333	0.028359	0.009127	0.034777	0.025049	-0.036128	-0.069731	0.002625	NA	0.004	-0.563	NA	NA	high	0.013	NA	-0.124787	0.657
7	141638205	G	A	SNV	0	Transcript	INTRONIC	2	intron	0.45	0	NA	NA	NA	NA	NA	NA	ENSG00000006530	ENST00000649286	AGK	CCDS5865.1	11/15	NA	NA	NA	NA	NA	NA	NA	NA	NA	NA	82752	12347	NA	NA	NA	NA	0.011	0	0	-0.518	-0.381	-0.578	625	NA	NA	NA	NA	0	0	0	0	0	0	16	0	0	0	1	0	0	0	31	0	0	0	0	0	0	0	0	0	0	NA	NA	4.21	-2.41	NA	NA	3.93	1.36	3.23	1.01	6.45	1.50	6.81	1.18	5.62	1.03	6.36	1.69	3.50	1.15	13.21	2.17	7.12	1.69	13.09	3.67	4.83	0.85	0.23	0.06	0.13	0.05	NA	0	0	0	0	NA	NA	NA	NA	NA	17	0	0	10	1	2	105	3	46	1132	NA	NA	NA	NA	NA	NA	NA	NA	0.001885	-0.037415	0.013798	-0.007842	-0.011291	-0.050809	0.012465	0.014785	NA	0	-0.765	NA	NA	high	0.083	NA	-0.331500	0.289
8	121597585	C	G	SNV	0	Intergenic	INTERGENIC	0	intergenic	0.45	0.013	NA	NA	NA	NA	NA	NA	NA	NA	NA	NA	NA	NA	NA	NA	NA	NA	NA	NA	NA	NA	NA	41709	14532	NA	NA	NA	NA	0.013	0.013	0.012	0.289	0.292	0.295	835	NA	NA	NA	NA	0	0	1	20	0	0	1	0	0	0	0	1	0	0	22	0	0	0	0	0	2	0	0	1	0	NA	NA	0.271	0.271	NA	NA	9.80	3.13	6.17	2.05	5.44	1.10	9.78	3.54	17.30	3.32	6.88	1.40	8.45	2.49	2.06	0.68	2.97	1.05	8.12	1.56	11.10	2.44	0.39	0.13	NA	NA	NA	NA	NA	NA	NA	NA	NA	NA	NA	NA	16	1	0	16	3	6	136	28	57	1368	NA	NA	NA	2	2	NA	NA	NA	0.001135	-0.014815	0.009998	0.003201	0.004894	0.003917	0.001219	-0.001847	NA	0.002	-0.239	NA	NA	high	0.051	NA	0.052723	1.311
X	59133906	C	A	SNV	0	Intergenic	INTERGENIC	0	intergenic	0.424	0.067	NA	NA	NA	NA	NA	NA	NA	NA	NA	NA	NA	NA	NA	NA	NA	NA	NA	NA	NA	NA	NA	1149220	1147773	NA	NA	NA	NA	NA	NA	NA	NA	NA	NA	NA	NA	NA	NA	NA	0	2	12	33	0	0	0	0	0	0	0	0	0	0	0	0	0	0	0	0	1	0	0	0	0	NA	NA	0	0	NA	NA	NA	NA	NA	NA	NA	NA	NA	NA	NA	NA	NA	NA	NA	NA	NA	NA	NA	NA	NA	NA	NA	NA	NA	NA	NA	NA	NA	NA	NA	NA	NA	NA	NA	NA	NA	NA	3806962	NA	NA	NA	NA	NA	NA	NA	NA	NA	NA	NA	NA	NA	NA	NA	NA	NA	0.000358	0.000321	-0.002956	0.000105	-0.000652	0.000481	0.001581	-0.002509	NA	NA	NA	NA	NA	NA	NA	NA	0.799771	8.284
X	73570778	A	C	SNV	0	Transcript	INTRONIC	2	intron	0.318	0.013	NA	NA	NA	NA	NA	NA	ENSG00000204116	ENST00000373502	CHIC1	CCDS35335.2	1/5	NA	NA	NA	NA	NA	NA	NA	NA	NA	NA	7326	112438	NA	NA	NA	NA	0.462	0.116	0.054	0.311	0.314	0.312	183	NA	NA	NA	NA	0	0	1	20	0	0	1	0	0	0	0	0	0	0	23	0	0	0	0	0	3	0	0	0	0	NA	NA	0.27	0.27	NA	NA	5.65	1.47	2.73	1.33	5.48	1.40	3.98	1.51	7.33	1.36	2.28	0.98	15.88	3.09	4.04	1.27	10.30	2.50	9.42	2.54	4.31	0.90	0.14	0.03	0.07	0.03	NA	0	0	0	0	NA	NA	NA	NA	NA	29	0	0	7	0	4	74	4	28	868	NA	NA	NA	NA	NA	NA	NA	NA	-0.013921	0.000358	0.305209	-0.006784	0.012681	0.011577	0.010846	-0.283194	NA	0.876	0.132	NA	NA	NA	NA	NA	1.015560	10.51
X	86345820	G	T	SNV	0	Transcript	INTRONIC	2	intron	0.331	0.013	NA	NA	NA	NA	NA	NA	ENSG00000126733	ENST00000373125	DACH2	CCDS14455.1	1/11	NA	NA	NA	NA	NA	NA	NA	NA	NA	NA	82852	486384	NA	NA	NA	NA	0.046	0	0.096	0.35	-0.09	0.952	949	NA	NA	NA	NA	0	0	0	48	0	0	0	0	0	0	0	0	0	0	0	0	0	0	0	0	0	0	0	0	0	NA	NA	2.96	-0.938	NA	NA	5.22	1.30	4.21	1.53	4.20	1.94	1.89	0.76	8.26	1.90	3.44	0.89	2.49	0.91	4.97	1.40	1.86	0.77	2.70	0.82	6.64	1.56	0.26	0.06	0.01	0.01	NA	0	0	0	0	NA	NA	NA	NA	NA	8	0	1	13	2	6	104	19	62	1057	NA	NA	NA	6	6	NA	NA	NA	0.001949	0.00057	-0.002333	-0.057037	-0.021161	0.003778	0.015239	0.05738	NA	0.082	-0.042	NA	NA	NA	NA	NA	-0.015313	1.010
X	140432862	C	A	SNV	0	Intergenic	INTERGENIC	0	intergenic	0.55	0.013	NA	NA	NA	NA	NA	NA	NA	NA	NA	NA	NA	NA	NA	NA	NA	NA	NA	NA	NA	NA	NA	18287	18347	NA	NA	NA	NA	0.822	0	0	0.382	-1.394	-1.357	987	NA	NA	NA	NA	0	0	2	27	0	0	0	0	0	0	0	0	0	0	6	0	0	0	0	0	9	0	0	4	0	NA	NA	4.84	-4.78	NA	NA	6.24	2.05	8.83	4	4.79	0.99	5.07	1.77	14.80	3.92	3.70	1.23	11.30	1.86	3.19	1.62	2.09	0.92	5.84	2.98	5.85	2.41	0.34	0.06	NA	NA	NA	NA	NA	NA	NA	NA	NA	NA	NA	NA	20	0	0	9	3	4	101	14	55	913	NA	NA	NA	9	12	NA	NA	NA	-0.014764	-0.022237	-0.01337	-0.006956	0.001395	0.00061	0.000362	0.034317	NA	0.402	-3.892	NA	NA	NA	NA	NA	-0.186620	0.513
